,Type,Edt Size,Mint Date,Platform,Collection Name,Collaborator/Special Type,Link,Contract Hash,Token Type,TokenID Start,Token ID End,IPFS Image,IPFS Json,Pinned?,Hosting Type
Explode,Unique,1,2/4/20,SuperRare,,,https://superrare.com/artwork-v2/explode-7673,0xb932a70a57673d89f4acffbe830e8ed7f75fb9e0,ERC-721,1/2,7673,Qmd3xEyqJXoyZG8vpT2zsrwxV5dZmWHz986iXysrzQMZr4,QmbVjyadjJXYTzaf4r8uBhG3CJ5Y1CVb4AuutuBGoo1Kb8,Y,IPFS
Revolution,Unique,1,2/5/20,SuperRare,,,https://superrare.com/artwork-v2/revolution-7735,0xb932a70A57673d89f4acfFBE830E8ed7f75Fb9e0,ERC-721,3/5,7735,QmXmM7a7vrU2dyzX9n1N9rL5i6kC16SmPE9Aizs8JUdaZq,QmYQ6RXeSacTgig3ppkbDPoyE91pk4LGyzpboaQptJmrRB,Y,IPFS
Vortex,Unique,1,2/14/20,SuperRare,,,https://superrare.com/artwork-v2/vortex-8025,0xb932a70A57673d89f4acfFBE830E8ed7f75Fb9e0,ERC-721,12/20,8025,QmfFTC2kzrzjssZ3wce5SKVPSad8iG4kbzFr1opj8tikEh,QmdM8XdS5MPwib5JE6v259Yar6p9Th4CPHRK2xa9DuhKuY,Y,IPFS
Safe,Unique,1,2/18/20,SuperRare,,,https://superrare.com/artwork-v2/safe-8130,0xb932a70A57673d89f4acfFBE830E8ed7f75Fb9e0,ERC-721,4/4,8130,QmZjNYNGLvD4gT4TgVv5Zxy4kZZKM1isJpC7LaRvCzv6ZM,QmX44EQFnsWZqq3334aWLokuPJCL39VxiyK77Z87QSL6xf,Y,IPFS
Waves,Unique,1,2/20/20,SuperRare,,,https://superrare.com/artwork-v2/waves-8194,0xb932a70A57673d89f4acfFBE830E8ed7f75Fb9e0,ERC-721,6/7,8194,QmTWz5hRzKxqUw94H2MTgvAY5rY2cTbHWFF5Gd8Ur5VNTs,QmTF3dkmgEjWZkPtggQQdaFEQ786hE1taVvKWymGAVe7Gh,Y,IPFS
Valley,Unique,1,2/26/20,SuperRare,,,https://superrare.com/artwork-v2/valley-8364,0xb932a70A57673d89f4acfFBE830E8ed7f75Fb9e0,ERC-721,11/24,8364,QmULbjq2V8qEi7oSZXJ4huWmLbxGbC7NvP8V7sA6X8MEtj,QmYL5sWCiBb5ug7zcVR7SBjuFk5qbsaPm6wggTamzLXjgu,Y,IPFS
Cloak,Unique,1,3/4/20,SuperRare,,,https://superrare.com/artwork-v2/cloak-8527,0xb932a70A57673d89f4acfFBE830E8ed7f75Fb9e0,ERC-721,5/6,8527,Qmdd2Ye5gKAzf2bxN6Qf9aUajobyL63qJnjLDADqBop59v,QmaQYmbHF5edchFsEHBxDY3ri1ayagT6xySDkDeJiTukLh,Y,IPFS
Thumbs Up,Unique,1,3/10/20,SuperRare,,,https://superrare.com/artwork-v2/thumbs-up-8682,0xb932a70A57673d89f4acfFBE830E8ed7f75Fb9e0,ERC-721,10/8,8682,Qmb3x7qJrT27Ex85Nw5HhYUAsJEtddj9YJrBttryiYYVjV,QmW9kZhhuvworrKRZqx13YDWmnHJL6Fk6NqXdPF5G2J6PE,Y,IPFS
Flip,Unique,1,3/17/20,SuperRare,,,https://superrare.com/artwork-v2/flip-8829,0xb932a70A57673d89f4acfFBE830E8ed7f75Fb9e0,ERC-721,3/3,8829,QmZ8MWmoNNxFMjAoxWhGXFcf1qbs6eZC8aAg4k8u9iJqyQ,QmZFZitU2t9uJ49sct7Sm3Hj1EZNsDB9yZ9DuBLGUDAgaR,Y,IPFS
Chuting Star,Unique,1,3/24/20,SuperRare,,,https://superrare.com/artwork-v2/chuting-star-9010,0xb932a70A57673d89f4acfFBE830E8ed7f75Fb9e0,ERC-721,8/31,9010,QmVLVq2AheUfjYUgPc3ttuimH7RjfM85v4rtDYpyY77Kb9,QmXMUHQ4eR3ziFAHya8fatCzTsRu4ASdqi9H9Np4ExJrjK,Y,IPFS
Isolation,Unique,1,4/12/20,SuperRare,,,https://superrare.com/artwork-v2/isolation-9445,0xb932a70A57673d89f4acfFBE830E8ed7f75Fb9e0,ERC-721,11/9,9445,Qmc1rZzvAUkKm4sVc8Xhz5ucf5n41rmxyjrCekQ6L7K6Bw,QmXLWyRNXnWVcJDMGwZoFDXKvPZt2HHLwENtUffHvh66rj,Y,IPFS
Immolation,Unique,1,4/12/20,SuperRare,,,https://superrare.com/artwork-v2/immolation-9446,0xb932a70A57673d89f4acfFBE830E8ed7f75Fb9e0,ERC-721,11/10,9446,QmWDFvUVCBM7vCAk7Y4PMkPEVsQ6r8n77Ss6GgXNW52Ak3,QmPrSQ5kNBp3de8t9bGXWD8st7y42womfXzcSBmYqYzU5w,Y,IPFS
Wired,Unique,1,4/18/20,SuperRare,,,https://superrare.com/artwork-v2/wired-9580,0xb932a70A57673d89f4acfFBE830E8ed7f75Fb9e0,ERC-721,3/24,9580,QmZZKU8DkCs9SPvJr34V33qQFVu2wxnuAbPEn2dyPex9Kq,QmXVCshEXpWC3YLLv4ddtXEwAiKe7xmsSu5ao7R5QrWK8k,Y,IPFS
Distancing,Unique,1,4/20/20,PixelChain,,,https://opensea.io/assets/ethereum/0xbc0e164ee423b7800e355b012c06446e28b1a29d/1297,0xb932a70A57673d89f4acfFBE830E8ed7f75Fb9e0,ERC-721,7/20,1297,,,ONCHAIN,ONCHAIN
Waves.pxc,Unique,1,4/20/20,PixelChain,,,https://opensea.io/assets/ethereum/0xbc0e164ee423b7800e355b012c06446e28b1a29d/1284,0xd07dc4262BCDbf85190C01c996b4C06a461d2430,ERC-721,7/7,1284,,,ONCHAIN,ONCHAIN
Worship,Unique,1,4/21/20,PixelChain,,,https://opensea.io/assets/ethereum/0xbc0e164ee423b7800e355b012c06446e28b1a29d/1357,0xd07dc4262BCDbf85190C01c996b4C06a461d2430,ERC-721,9/18,1357,,,ONCHAIN,ONCHAIN
Gates,Unique,1,4/21/20,PixelChain,,,https://opensea.io/assets/ethereum/0xbc0e164ee423b7800e355b012c06446e28b1a29d/1397,0xd07dc4262BCDbf85190C01c996b4C06a461d2430,ERC-721,10/28,1397,,,ONCHAIN,ONCHAIN
Split,Unique,1,4/28/20,SuperRare,,,https://superrare.com/artwork-v2/split-9781,0xb932a70A57673d89f4acfFBE830E8ed7f75Fb9e0,ERC-721,10/11,9781,QmVBVvkc5azz9HA2wmJ7st1sft3P6dvhwWeHZ79atbrQ2j,QmeB2Hb7qGqpUEN761szvRB7rtdEi5JMzreKCRUW1bAjWu,Y,IPFS
Growth,Unique,1,5/10/20,SuperRare,,,https://superrare.com/artwork-v2/growth-10108,0xb932a70A57673d89f4acfFBE830E8ed7f75Fb9e0,ERC-721,9/3,10108,QmWsyAwKbcRXrq6k1Ke5fxRUa8PwW4RoUoqMwVN3z5i2ck,QmTspYBTD8SyRGyikqYAU7uKuSmqy5Z4Q6jpBjoqzioNfQ,Y,IPFS
Folders,Unique,1,5/23/20,SuperRare,,,https://superrare.com/artwork-v2/folders-10435,0xb932a70A57673d89f4acfFBE830E8ed7f75Fb9e0,ERC-721,7/26,10435,QmNzMBBYVVZT9Hiokkv8mU6VsXEh5QmrGZVKipXPpQtuZp,QmSUDtgjjTmh3h1GDTMb8FzjoJNgGsfxfyJ8J3jcQWvh59,Y,IPFS
Tunnel,Unique,1,6/2/20,SuperRare,,,https://superrare.com/artwork-v2/tunnel-10662,0xb932a70A57673d89f4acfFBE830E8ed7f75Fb9e0,ERC-721,3/10,10662,Qma1n8eygeshg7jVAqyXt2NsRWKNBxjhPy12cLrkztQTWq,QmeF23pDzzC3Q1LMsPAyZbts3oDDj7oAtJCk4h1fhsn3Rv,Y,IPFS
Candy Shelf,Edition,10,6/8/20,Rarible,,,https://opensea.io/assets/0xd07dc4262bcdbf85190c01c996b4c06a461d2430/126,0xd07dc4262bcdbf85190c01c996b4c06a461d2430,ERC-1155,126,126,QmYvys8oYtHcSAkSNTpePbCWR3CwEtgSqGULbvVPRqirbb,Qmb3ssMAw4Q6gvGYXR4eT9K5jw5tXn4nL3PqW1ZjvEsEgL,Y,IPFS
Transfer,Unique,1,6/20/20,SuperRare,,,https://superrare.com/artwork-v2/transfer-11217,0xb932a70A57673d89f4acfFBE830E8ed7f75Fb9e0,ERC-721,9/16,11217,QmR3TbYQ5jYFamxZFzgzNUwZsrh6UFurNRunnLmm2n3qsr,QmP5rRbDgg7m4ogsqBaH9TwLbQZpqw5S58Zz7CiEYpLLEk,Y,IPFS
Fireworks,Unique,1,7/4/20,SuperRare,,,https://superrare.com/artwork-v2/fireworks-11613,0xb932a70A57673d89f4acfFBE830E8ed7f75Fb9e0,ERC-721,10/17,11613,QmX5uXcNdBWWQ8E8qHkJRHF3C4YAnJcHPYawd7VJdhtfEN,QmQ6L6RXrJQUx6DaTj4NB26VJ8dcLxfwMX4SNGEGeCVh8P,Y,IPFS
Yearn,Unique,1,7/8/20,SuperRare,,,https://superrare.com/artwork-v2/yearn-11718,0xb932a70A57673d89f4acfFBE830E8ed7f75Fb9e0,ERC-721,1/30,11718,QmfBQqfNHvDkMkLv86s9DFEzXN1S8mbLht3Sn6pJUe6XSA,QmcJosD6G9svrpZA7pvrvXJnv124mEpF6agYymRMBjGd1i,Y,IPFS
Spectrum,Unique,1,7/24/20,SuperRare,,,https://superrare.com/artwork-v2/spectrum-12149,0xb932a70A57673d89f4acfFBE830E8ed7f75Fb9e0,ERC-721,4/5,12149,QmUzDyhBiqdAH7DmhYQTEvummiQtoEzqL16JNRv6GcgoYM,QmePv6jkuLnQCNRdRBdXCRPVPoUrNe8GshdbEvSQLix7Lu,Y,IPFS
Crypto Candy,Unique,1,8/3/20,Rarible,,,https://opensea.io/assets/ethereum/0x60f80121c31a0d46b5279700f9df786054aa5ee5/5100,0x60F80121C31A0d46B5279700f9DF786054aa5eE5,ERC-721,12/17,5100,QmQgNhiNV4kW7kJrf7bNxMGBrwLqmkwebyjDtjowo272sR,QmQDx5seWrRc3ud7cvGMBNN7aiz6LVC3Vmt2umUENVGzAi,Y,IPFS
Gas,Unique,1,8/8/20,SuperRare,,,https://superrare.com/artwork-v2/gas-12660,0xb932a70A57673d89f4acfFBE830E8ed7f75Fb9e0,ERC-721,8/29,12660,QmeJuEDLNeGWBvRQHTCzEqxTqYK1PTnsqtJCfFfzaJ4VYD,QmQJuJCBrKd6NBHV1ByTQ4A6AeGKLuLrdgH8PUW9qM7EZ6,Y,IPFS
Yeast Lords,Edition,10,8/11/20,Rarible,,Free Airdrop,https://opensea.io/assets/0xd07dc4262bcdbf85190c01c996b4c06a461d2430/3592,0xd07dc4262BCDbf85190C01c996b4C06a461d2430,ERC-1155,3592,,QmdRGKszF55HM6oZe6qupU6xDNiXS6Yx9os4RLmPsziTZe,QmNbkkSXocwhsnn9GjEousUdMVZtgExmwosLXK1FoPMF6Z,Y,IPFS
Frankfurt Candy Shoppe Postcard,Edition,56,8/28/20,Rarible,,Free Airdrop,https://opensea.io/assets/0xd07dc4262bcdbf85190c01c996b4c06a461d2430/5836,0xd07dc4262BCDbf85190C01c996b4C06a461d2430,ERC-1155,5836,,QmexDvQdbx9J1naZJ7aE4bVGNHb5FhXhPXmqk2kPWBVA5T,Qmf7JagLpd2heYp9qcMbGVBnDZuLVZqkXdi1GfEHm6XkrZ,Y,IPFS
Groove,Unique,1,9/3/20,SuperRare,,,https://superrare.com/artwork-v2/groove-13398,0xb932a70A57673d89f4acfFBE830E8ed7f75Fb9e0,ERC-721,13398,13398,QmZMKeL1wY32iKdhCm7MdkvHMfhEdpQauhRucE62kbZy8Q,QmeBP3aTwh9e8wQfAFy5eTseWVmTofTDX51ECjPjLGVn8e,Y,IPFS
Adrenaline,Unique,1,9/4/20,SuperRare,,Mlibty,https://superrare.com/artwork-v2/adrenaline-(46-150)-13431,0xb932a70A57673d89f4acfFBE830E8ed7f75Fb9e0,ERC-721,13431,13431,QmV2YQHNfAuENCiWAYv98YEmWgFRL31Yrroxx6fNVmWLdb,QmYjEWa5PW4p2ZrTJuZe591J9ur79bg3ytWE4g8yvAHzoj,Y,IPFS
Mandala,Edition,10,9/10/20,Rarible,,,https://opensea.io/assets/0xd07dc4262bcdbf85190c01c996b4c06a461d2430/8049,0xd07dc4262BCDbf85190C01c996b4C06a461d2430,ERC-1155,9781,9781,QmPmhJ9vFraiSYgJ1qo6HBbtHgMZHAh185te1Gi1X3b7i8,QmXiQRgV2vVhcSdtN6CiXKiBQHMJzBvygtyeLoqdcTAnjH,Y,IPFS
Pugzle,Edition,10,9/13/20,Rarible,,,https://opensea.io/assets/0xd07dc4262bcdbf85190c01c996b4c06a461d2430/9047,0xd07dc4262BCDbf85190C01c996b4C06a461d2430,ERC-1155,9047,9047,QmS2qxNtQr1YyRMiLBNnNmnUyWcKVtRN4wWzSvuTRub1e8,QmbSig5hR9QQXbknNoP7JzT736eUbKC9WDdc6swwv9SVTh,Y,IPFS
PowerSurge,Unique,1,9/16/20,Rarible,,,https://opensea.io/assets/0x60f80121c31a0d46b5279700f9df786054aa5ee5/15543,0x60F80121C31A0d46B5279700f9DF786054aa5eE5,ERC-721,15543,15543,QmPGFrn3xdCScMVhgibCoPRKdu3DyasmWsYYQT5F5BHrkn,BROKEN,,IPFS
Creative Cycle,Edition,10,9/19/20,Rarible,,,https://opensea.io/assets/0xd07dc4262bcdbf85190c01c996b4c06a461d2430/12302,0xd07dc4262BCDbf85190C01c996b4C06a461d2430,ERC-1155,12302,,QmU2dXG8HzgVqvCY4tsmEGjSK7wA3skbRaG9giAUijbT4N,QmWytcR9JouzxcTvJyz7WCuzGwBcUo4gzYaKovhaqYSVQA,Y,IPFS
Falling,Unique,1,9/25/20,SuperRare,,,https://superrare.com/artwork-v2/falling-13965,0xb932a70A57673d89f4acfFBE830E8ed7f75Fb9e0,ERC-721,13965,13965,QmPNz2DFmNdheiDsYBoyTfCiaBYyXsDx2rf6rxSis6cxmN,QmTC3JRhzqVpzBqcNSJbH1wqLdHT9z7ojBneD6bS8oVLKw,Y,IPFS
Saxabone,Unique,1,10/17/20,SuperRare,,,https://superrare.com/artwork-v2/saxabone-14867,0xb932a70A57673d89f4acfFBE830E8ed7f75Fb9e0,ERC-721,14867,14867,QmYeKzejbPtyTh1FeEBsWZVUNoKYoHsvCBL2qTC297WBVe,QmUS4dcX4giDw4Mf4uafU1tnGuniZ1hw1s2saRL2Gkm566,Y,IPFS
Bonsai Kittens,Edition,10,10/29/20,Rarible,,,https://opensea.io/assets/0xd07dc4262bcdbf85190c01c996b4c06a461d2430/26195,0xd07dc4262BCDbf85190C01c996b4C06a461d2430,ERC-1155,26195,,QmbhPsGA5NWE8RyisuRwCLfJmPaues6i61r57gmLzWLVDG,QmNUiqQWwqh8M2zSC7H2HDywYJGFUfwZ5yN6jN3dJt4Qz2,Y,IPFS
Reach,Unique,1,10/30/20,SuperRare,,,https://superrare.com/artwork-v2/reach-15497,0xb932a70A57673d89f4acfFBE830E8ed7f75Fb9e0,ERC-721,15497,15497,QmQp4umz8roY7RCJG2cXjq8VNeoNjgdmGhRwWbdvTZkYpb,QmbqUjRXFazsgft44gZux4muG3ZLD7wYgQKbwTg5zYuWcw,Y,IPFS
Overcast,Edition,10,10/31/20,NiftyGateway,Cloudy Collection,,https://niftygateway.com/marketplace/collection/0xf186807982b56c2463da2a76bd8b1b69b979f9eb/1?filters[onSale]=true&sortBy=lowest,0xf186807982B56c2463DA2A76BD8b1b69b979F9eb,ERC-721,9300010001,9300010005,QmTsXfNDoeU9yw2FbAdjJHdaYa1imN8rNe4pEojAD1ymkv,NG API,Y,Platform
Breezy,Edition,5,10/31/20,NiftyGateway,Cloudy Collection,,https://niftygateway.com/marketplace/collection/0xf186807982b56c2463da2a76bd8b1b69b979f9eb/2?filters[onSale]=true&sortBy=lowest,0xf186807982B56c2463DA2A76BD8b1b69b979F9eb,ERC-721,9300020001,9300020010,Qmb2tN89YB5jSMfSZoyt4Q41vEjCk853epAKKifPNLfvxj,NG API,Y,Platform
Downpour,Edition,20,10/31/20,NiftyGateway,Cloudy Collection,,https://niftygateway.com/marketplace/collection/0xf186807982b56c2463da2a76bd8b1b69b979f9eb/3?filters[onSale]=true&sortBy=lowest,0xf186807982B56c2463DA2A76BD8b1b69b979F9eb,ERC-721,9300030001,9300030020,QmWRSVvVz7CZ7CmkmSsszh7bRj9TaHCqkauRZA5fGnC2jV,NG API,Y,Platform
BrinkDrink,Edition,10,11/11/20,CryptoDrinks,,Xibot,https://opensea.io/assets/0x819d965d8e0a1d9852e805dec073084bd3c5637f/3,0x819D965d8E0A1D9852e805dEC073084Bd3C5637F,ERC-1155,3,,QmPMHYDdYVmSgqNLiZFA1ZjSTQuX5Eto1pu6gMMYPYgZEh,QmXNAWTCgGWK5yNjSavMxn6kdKPh7eRJysxhpTHgLWRrAn,Y,IPFS
Downstream,Unique,1,11/15/20,SuperRare,,,https://superrare.com/artwork-v2/downstream-16195,0xb932a70A57673d89f4acfFBE830E8ed7f75Fb9e0,ERC-721,16195,16195,QmfFN2vbsFspQ95dYdwkCEiun5haJTArMtBMfNCPqkgVqu,Qmf8gSeBZTrzvSiCf2iUZaiNtSBY9ooEqP1FFDuRdckom5,Y,IPFS
NFT Spirits,Edition,30,11/23/20,Rarible/Physical,,MrY,https://opensea.io/assets/0xd07dc4262bcdbf85190c01c996b4c06a461d2430/83674,0xd07dc4262BCDbf85190C01c996b4C06a461d2430,ERC-1155,83674,,QmPMHYDdYVmSgqNLiZFA1ZjSTQuX5Eto1pu6gMMYPYgZEh,QmdZqUow7EmW5sY6SmixaVqJN72ma16iFdiNZMCacfZGGG,Y,IPFS
Candy Cane,Edition,200,12/1/20,Rarible,,Pranksy,https://opensea.io/assets/0xd07dc4262bcdbf85190c01c996b4c06a461d2430/88111,0xd07dc4262BCDbf85190C01c996b4C06a461d2430,,88111,,Qma5JKhjkpaRoRp2V8XZeLbbFYDo1qeFYGX6yPuGuUkj7k,QmW3tVGqZCpgdWk8iyiuj2GRZKKniqm4n5xMRs8fXcHbSb,Y,IPFS
Defense,Unique,1,12/5/20,SuperRare,,,https://superrare.com/artwork-v2/defense-16926,0xb932a70A57673d89f4acfFBE830E8ed7f75Fb9e0,ERC-721,16926,16926,QmcfNbjvGDrqPFoxDhRfsHJJnzbjGo2d1uXPboay5XoDwJ,QmPvK13oHu1ZYeNDNc7KDP197izTS7EnukkHW7joMc7CpV,Y,IPFS
Bryfocals,Wearable,10,12/21/20,Decentraland,,Scavenger Hung Giveaway,https://opensea.io/collection/decentraland-wearables?search[sortAscending]=true&search[sortBy]=UNIT_PRICE&search[stringTraits][0][name]=collection&search[stringTraits][0][values][0]=Xmash%20up%202020&search[stringTraits][1][name]=category&search[stringTraits][1][values][0]=Eyewear,0xdd9c7bc159dacb19c9f6b9d7e23948c87aa2397f,ERC-721,"2,7,8,9,11,12,13,14,16,19",,HOSTED BY DECENTRLAND,,,Platform
Fountain,Unique,1,12/28/20,SuperRare,,,https://superrare.com/artwork-v2/fountain-17664,0xb932a70A57673d89f4acfFBE830E8ed7f75Fb9e0,ERC-721,17664,17664,QmQ1Atj7HRofp6AB1iFhHdJAN4zmT3j6Z4o1kB3gTCA1e2,QmQ4BHxcmXEkDTYxyqAyRhC5xExe8ijj9gfnpFtuYpJ3J6,Y,IPFS
Few Charm,Unique,1,1/15/21,Digitalax,,Lorena Bello,https://opensea.io/collection/digitalaxnft?search[sortBy]=PRICE&search[sortAscending]=true&search[stringTraits][0][name]=FGO%20Artist&search[stringTraits][0][values][0]=Bryan%20Brinkman,0x0b509f4b044f713a91bb50535914f7ad160532fe,,,,Burned?,,,IPFS
Beyond Me,Edition,3,1/15/21,Digitalax,,Lorena Bello,https://opensea.io/collection/digitalaxnft?search[sortBy]=PRICE&search[sortAscending]=true&search[stringTraits][0][name]=FGO%20Artist&search[stringTraits][0][values][0]=Bryan%20Brinkman,0x0b509f4b044f713a91bb50535914f7ad160532fe,ERC-721,63,65,Qmd8g82sdK6DJnHpeSgTosthMRXvj49oubt4xQM7VJ7ghJ,QmegVXauaK3mudcJbJwaiTWHSSCnoe1Sp9YBxAQuBdVdYD,Y,IPFS
Blue Funk,Edition,7,1/15/21,Digitalax,,Lorena Bello,https://opensea.io/collection/digitalaxnft?search[sortBy]=PRICE&search[sortAscending]=true&search[stringTraits][0][name]=FGO%20Artist&search[stringTraits][0][values][0]=Bryan%20Brinkman,0x0B509F4b044F713A91bB50535914f7ad160532fe,ERC-721,,79,Qmdu6SRcpvfmzYq7Htswdf5NngmWHFtpo1bxJXzdJ11JLL,QmQmu3mRq8wXtHDWFhtk8jbyymPaTWrbVSHETX4A7Ct1FB,Y,IPFS
NimBuds,Generative,400,1/16/21,ArtBlocks,,,https://opensea.io/collection/nimbuds-by-bryan-brinkman,0xa7d8d9ef8D8Ce8992Df33D8b8CF4Aebabd5bD270,ERC-721,10000000,10000399,,,ONCHAIN,ONCHAIN
Pavillion Sculpture,Unique,1,1/21/21,Cargo,,Donation,https://opensea.io/assets/0x42ea135d8e9e90657d6d5f715f59794c68be7f17/346,0x42ea135d8e9e90657D6d5F715f59794c68BE7f17,ERC-721,346,346,BROKEN,,,IPFS
Popcorn,Edition,10,1/21/21,Terra Virtua,,,https://marketplace.virtua.com/marketplace?page=1&nft_type_code=ARTWORK&brand_code=INDEPENDENT_ARTIST&artist_code=BryanBrinkman&art_collection_code=UNLIMITED_REFILLS&sorting=placement&sort_type=asc&sort_by=default,,,,,Hosted by Platform,,,Platform
Soda,Edition,10,1/21/21,Terra Virtua,,,https://marketplace.virtua.com/marketplace?page=1&nft_type_code=ARTWORK&brand_code=INDEPENDENT_ARTIST&artist_code=BryanBrinkman&art_collection_code=UNLIMITED_REFILLS&sorting=placement&sort_type=asc&sort_by=default,,,,,Hosted by Platform,,,Platform
Candy,Edition,10,1/21/21,Terra Virtua,,,https://marketplace.virtua.com/marketplace?page=1&nft_type_code=ARTWORK&brand_code=INDEPENDENT_ARTIST&artist_code=BryanBrinkman&art_collection_code=UNLIMITED_REFILLS&sorting=placement&sort_type=asc&sort_by=default,,,,,Hosted by Platform,,,Platform
Shelfie,Unique,1,1/29/21,SuperRare,,,https://superrare.com/artwork-v2/shelfie-18841,0xb932a70A57673d89f4acfFBE830E8ed7f75Fb9e0,ERC-721,18841,18841,QmeGNZtdDcWhJRU4WVBTE42urDV2eHip5V34xU8LXDJbyd,Qma8W624ScspyGGgGEf9dvFpJpZPLM1Ykjd7deoyMZRyWF,Y,IPFS
Beach,Unique,1,2/18/21,SuperRare,,Karan4D,https://superrare.com/artwork-v2/beach-19613,0xb932a70A57673d89f4acfFBE830E8ed7f75Fb9e0,ERC-721,19613,19613,QmWgRy7MN3tJBxAu1esEmxyLookN84R9idiPQyjyds5ebb,QmUkKfEf2vJzS5P5DozVM1Qkhx2KUGm2ngcDWAuaN2tDSe,Y,IPFS
Flower,Edition,5,2/18/21,KnownOrigin,,Karan 4D,https://knownorigin.io/gallery/281375-flower,0xfbeef911dc5821886e1dda71586d90ed28174b7d,ERC-721,281376,281380,QmcqcSahzfhmBGB8oLWvNosBvDuBB48kDREjuWF8AHCfDM,QmeSfBQwkZUCgtD1coC7PWyxSwL2BNkqSGX1p9kXFMYG7w,Y,IPFS
Plunge,Unique,1,3/6/21,Foundation,,,https://opensea.io/assets/ethereum/0x3b3ee1931dc30c1957379fac9aba94d1c48a5405/4098,0x3B3ee1931Dc30C1957379FAc9aba94D1C48a5405,ERC-721,4098,4098,QmQZ7UecVU9cPa89FhK7FSam1EZ9AnJsNhfDQNkhMak6mz,,Y,IPFS
ModPod,Edition,5,3/13/21,$WHALE Store,,,https://opensea.io/assets/0xf6c71e1e72254051f2e26270c16a84fbd1dbfafd/3,0xF6C71e1e72254051F2e26270C16A84Fbd1dBFAfD,ERC-721,3,,QmYH2CJLWTLyB2iHdJZvQanvnMtNSPcLb7bSeuPjcL4Ra9,,Y,IPFS
NimBeats,Edition,120,3/16/21,Rarible,,Commission,https://opensea.io/assets/ethereum/0xd07dc4262bcdbf85190c01c996b4c06a461d2430/300066,0xd07dc4262BCDbf85190C01c996b4C06a461d2430,ERC-1155,10000000 - 10000399,,QmV5Vw57jQR6x1XLt8dX7PFTEFT2mcVYXjVpsGNCPif3zj,QmWJpigTeJLiuiWGDCjHg3iDZJaGiNGuy1HbE74kpZsjV8,Y,IPFS
Inside The Metaverse,Unique,1,3/23/21,Opensea,,Dario De Siena,https://opensea.io/assets/ethereum/0x495f947276749ce646f68ac8c248420045cb7b5e/38039128345254064647589517671143081133011420513097535766912356063895254728705,0x495f947276749ce646f68ac8c248420045cb7b5e,ERC-1155,,,Opensea Shared Storefront,,,Opensea
Head In The Clouds,Edition,118,4/20/21,Kolectiv.gg,,,https://opensea.io/collection/kolectiv?search[sortAscending]=true&search[sortBy]=PRICE&search[stringTraits][0][name]=Artists&search[stringTraits][0][values][0]=Bryan%20Brinkman,0x4764bC088A27F490353E8cf1558ba02fDc418C65,ERC-721,,,Hosted by Platform,,,Platform
Insecurity,Unique,1,4/23/21,SuperRare,,,https://superrare.com/artwork-v2/insecurity-23833,0xb932a70A57673d89f4acfFBE830E8ed7f75Fb9e0,ERC-721,23833,23833,QmUaiRWWNbKUcecsk5RQwKE8gDmyMqNKoDidrrtT3uCDPU,QmNkY3FsTZUxatiit3fzBTm3ioZattGNz7wpmQ6HHQVPPB,Y,IPFS
Two Chords,Edition,100,4/24/21,Song A Day,,Jonathan Mann / Eclectic Method,https://opensea.io/assets/0x2dea2f6f6c5e4210937d7903f0e5f990b2514da7/6,0x2Dea2F6F6C5E4210937d7903F0e5F990b2514Da7,ERC-1155,6,,QmXv5BTsgF4P4mhK9rCuTaJk68q9gBVL81foNe446Csqra,QmbRtsYg1Qm2jxnj4FJY1L5WvAceP6W3ipCVEC34fdFbpr,Y,IPFS
Bettys Notebook,Unique,1,4/26/21,Async Music,,Verdigris Ensemble,https://opensea.io/assets/ethereum/0xb6dae651468e9593e4581705a09c10a76ac1e0c8/1592,0xb6dae651468e9593e4581705a09c10a76ac1e0c8,,1592,1592,40 pins,QmY9dfJHH8Q5S2uLbKVspY4rFNCvUdxmnnSQG7q1vWWfGs,Y,IPFS
The Choir,Unique,1,4/26/21,Async Music,,Verdigris Ensemble,https://opensea.io/assets/ethereum/0xb6dae651468e9593e4581705a09c10a76ac1e0c8/1593,0xb6dae651468e9593e4581705a09c10a76ac1e0c8,,1593,1593,2 pins,QmPAgr5Kt7kV46dH3n3Hr7nWfscAnW1ZCvB2BB6umjZiiy,Y,IPFS
Betty's Voice,Unique,1,4/26/21,Async Music,,Verdigris Ensemble,https://opensea.io/assets/ethereum/0xb6dae651468e9593e4581705a09c10a76ac1e0c8/1594,0xb6dae651468e9593e4581705a09c10a76ac1e0c8,,1594,1594,2 pins,QmdPTaxzzFVmnnhYGmrvMR7NAE7tGkXNdYcMZ9fCY3LGwS,Y,IPFS
Betty's Choir,Unique,1,4/26/21,Async Music,,Verdigris Ensemble,https://opensea.io/assets/ethereum/0xb6dae651468e9593e4581705a09c10a76ac1e0c8/1595,0xb6dae651468e9593e4581705a09c10a76ac1e0c8,,1595,1595,2 pins,QmZBcBF3qBGJT5jRzhcDnWPHJAETJmprwKEdqitbiAGca3,Y,IPFS
Betty's Radio,Unique,1,4/26/21,Async Music,,Verdigris Ensemble,https://opensea.io/assets/ethereum/0xb6dae651468e9593e4581705a09c10a76ac1e0c8/1596,0xb6dae651468e9593e4581705a09c10a76ac1e0c8,,1596,1596,2 pins,QmfPmu2nQJcwPxSvoHZurGz11PeHCvdt8j2ZdacAZrSyHb,Y,IPFS
Petio x Bryan Brinkman,Unique,1,4/26/21,SuperRare,,Petio,https://superrare.com/artwork-v2/petio-x-bryan-brinkman-23936,0xb932a70A57673d89f4acfFBE830E8ed7f75Fb9e0,ERC-721,23936,23936,Qma9foYfquPe4g3J9VHb8LJ22JLpKKDHabVc9fYCbYUBSh,QmQnmUKs7jNYrNAGsoihexpeXdN3iTesCrFzb6ynAwUxii,Y,IPFS
BN Platinum Record,Edition,3,4/26/21,Async Music,,Verdigris Ensemble,https://opensea.io/collection/async-music?search[stringTraits][0][name]=Artist&search[stringTraits][0][values][0]=Verdigris%20Ensemble,0x100b8361baa522d69df839f0089fa1728aaa1aa8,,,,,,,IPFS
BN Gold Record,Edition,10,4/26/21,Async Music,,Verdigris Ensemble,https://opensea.io/collection/async-music?search[stringTraits][0][name]=Artist&search[stringTraits][0][values][0]=Verdigris%20Ensemble,0x100b8361baa522d69df839f0089fa1728aaa1aa8,,1592001,1592001,,QmaQBpPVGqh55zWj7hruuSvyGEg6pzwuGd3kh1qD1jmUzy,,IPFS
BN Silver Record,Edition,36,4/26/21,Async Music,,Verdigris Ensemble,https://opensea.io/collection/async-music?search[stringTraits][0][name]=Artist&search[stringTraits][0][values][0]=Verdigris%20Ensemble,0x100b8361baa522d69df839f0089fa1728aaa1aa8,,,,,,,IPFS
BN Blanks,Edition,166,4/26/21,Async Music,,Verdigris Ensemble,https://opensea.io/assets/ethereum/0x100b8361baa522d69df839f0089fa1728aaa1aa8/1592002,0x100b8361baa522d69df839f0089fa1728aaa1aa8,ERC-1155,,,,,,IPFS
Whaleception,Unique,1,5/16/21,$WHALE Store,,,https://opensea.io/assets/ethereum/0xf6c71e1e72254051f2e26270c16a84fbd1dbfafd/57,0xF6C71e1e72254051F2e26270C16A84Fbd1dBFAfD,ERC-721,57,57,Arweave,,N/A,Arweave
Artvatars Special 1,Unique,1,5/31/21,Artvatars,,,https://opensea.io/assets/matic/0x272f20cb476ef250e6e8478740dc62416040bdf0/75,0x272F20cB476Ef250e6E8478740dc62416040bdF0,ERC-721,75,75,BROKEN,,,Platform
Artvatars,,Various Traits,5/31/21,Artvatars,,,https://opensea.io/collection/artvatars,,,,,BROKEN,,,Platform
Bull Run,Edition,10,6/7/21,NiftyGateway,Flicker Fusion,,https://niftygateway.com/marketplace/collection/0xd6be6a8f01bcf904d7054e58054a8e1b45b63da0/1?filters[onSale]=true&sortBy=lowest,0xd6be6a8f01bcf904d7054e58054a8e1b45b63da0,ERC-721,75,75,QmUnUjmET6B1stv9XVw2TQecXaFjtZijEbSngLNhW6Vi6b,NG API,Y,Platform
Swipe,Edition,15,6/7/21,NiftyGateway,Flicker Fusion,,https://niftygateway.com/marketplace/collection/0xd6be6a8f01bcf904d7054e58054a8e1b45b63da0/2?filters[onSale]=true&sortBy=lowest,0xd6be6a8f01bcf904d7054e58054a8e1b45b63da0,ERC-721,54200010001,54200010010,QmUnUjmET6B1stv9XVw2TQecXaFjtZijEbSngLNhW6Vi6b,NG API,Y,Platform
Kickflip,Edition,25,6/7/21,NiftyGateway,Flicker Fusion,,https://niftygateway.com/marketplace/collection/0xd6be6a8f01bcf904d7054e58054a8e1b45b63da0/3?filters[onSale]=true&sortBy=lowest,0xd6be6a8f01bcf904d7054e58054a8e1b45b63da0,ERC-721,54200020001,54200020015,Qmer9G7xSRgcjfpreeSpYDAUvRuqkErkEYxFUPw3Tpk7XP,NG API,Y,Platform
Cloudy,Edition,35,6/7/21,NiftyGateway,Flicker Fusion,,https://niftygateway.com/marketplace/collection/0xd6be6a8f01bcf904d7054e58054a8e1b45b63da0/4?filters[onSale]=true&sortBy=lowest,0xd6be6a8f01bcf904d7054e58054a8e1b45b63da0,ERC-721,54200030001,54200030025,QmSzPaoGZQhTJUbYuTFArEZkprjUVaG4CQi6niutrSiTzk,NG API,Y,Platform
Shuffle,Edition,40,6/7/21,NiftyGateway,Flicker Fusion,,https://niftygateway.com/marketplace/collection/0x91a856ccbefc10df1e1aa2f361b4bdbabd069762/4?filters[onSale]=true&sortBy=lowest,0xd6be6a8f01bcf904d7054e58054a8e1b45b63da0,ERC-721,54200040001,54200040035,QmSzPaoGZQhTJUbYuTFArEZkprjUVaG4CQi6niutrSiTzk,NG API,Y,Platform
Break,Edition,40,6/7/21,NiftyGateway,Flicker Fusion,,https://niftygateway.com/marketplace/collection/0x91a856ccbefc10df1e1aa2f361b4bdbabd069762/2?filters[onSale]=true&sortBy=lowest,0x91a856ccbefc10df1e1aa2f361b4bdbabd069762,ERC-721,4,4,QmZCUNCDZbqDcuxCP1LPDyFPE8ZzCtYNNftPz1EWSWXfTT,NG API,Y,Platform
Twirl,Edition,40,6/7/21,NiftyGateway,Flicker Fusion,,https://niftygateway.com/marketplace/collection/0x91a856ccbefc10df1e1aa2f361b4bdbabd069762/3?filters[onSale]=true&sortBy=lowest,0x91a856ccbefc10df1e1aa2f361b4bdbabd069762,ERC-721,2,2,QmUbE9BMoTYV1LgMNThFv3G9U45AdJNZGEsfYSd53LA7tM,NG API,Y,Platform
Step,Edition,40,6/7/21,NiftyGateway,Flicker Fusion,,https://niftygateway.com/marketplace/collection/0x91a856ccbefc10df1e1aa2f361b4bdbabd069762/1?filters[onSale]=true&sortBy=lowest,0x91a856ccbefc10df1e1aa2f361b4bdbabd069762,ERC-721,3,3,QmZcvrQbzSpAdQBc7ydSzEoZ2gs1kiwnQPYNt3A8TAZtan,NG API,Y,Platform
Insecurity Camera,Edition,50,6/8/21,Cryptovoxels Wearable,,Free Airdrop,https://opensea.io/assets/matic/0x5A494287D8AD3eaA628578BA9E6688C32f34952f/1,0x91a856ccbefc10df1e1aa2f361b4bdbabd069762,ERC-721,1,1,Hosted by Platform,,,Platform
Flicker Ape #4620,Unique,1,6/23/21,Foundation,,Commission,https://opensea.io/assets/ethereum/0x3b3ee1931dc30c1957379fac9aba94d1c48a5405/52407,0x3B3ee1931Dc30C1957379FAc9aba94D1C48a5405,ERC-721,52407,52407,QmcvbeK7kZUQh1GgDXS2SaXwuGvwUn2KD4sBi9MqwsiNu8,QmX1ep4F8kRPQbuZsJuc7H6u1QAgnHf3TdRvW7YrGQSrx3,Y,IPFS
Craneon,Edition,20,7/7/21,NiftyGateway,,Ekaitza,https://niftygateway.com/marketplace/collection/0x9c071763bbadab338042a4ca8908c7ee2cdda976/24?filters[onSale]=true&sortBy=lowest,0x9c071763bbadab338042a4ca8908c7ee2cdda976,ERC-721,24,24,,NG API,,Platform
OneThirty,Unique,1,7/16/21,NiftyGateway,,CryptoCubes,https://niftygateway.com/marketplace/item/0x3f3df9790620adf2f39e5e5fec86dd3c0ba370b9/63700080001,0x3F3df9790620Adf2F39E5e5FEC86dD3C0Ba370b9,ERC-721,63700080001,63700080001,,NG API,,Platform
Ramsay,Unique,1,8/3/21,Manifold,,Adamtastic,https://opensea.io/assets/ethereum/0xf6a2c8a4adf384acd7d3871488af84218a46a1c7/48,0xF6A2C8a4Adf384aCd7d3871488af84218A46a1c7,ERC-721,48,48,Arweave,,,Arweave
CryptoDickButts,,Various Traits,8/6/21,CryptoDickButts,,,https://opensea.io/collection/cryptodickbutts-s3,0x42069ABFE407C60cf4ae4112bEDEaD391dBa1cdB,ERC-721,756,,,,,IPFS
Biorhythm,Unique,1,8/7/21,SuperRare,,,https://superrare.com/artwork-v2/biorhythm-26936,0xb932a70A57673d89f4acfFBE830E8ed7f75Fb9e0,ERC-721,26936,26936,QmVJvE7n1CuVJUoT3o2RxqHFBW24cLfxgGMhzMM9quJEwV,QmTaGKGfq9qmSLi6v7wLB1Pu6paQTFDnNjvPvxQHYudZM4,Y,IPFS
Worm x Brinkman,Edition,100,8/12/21,The Worm,,Free Airdrop,https://opensea.io/collection/the-worm-x-brinkman,0x30be5eddc57d03914e5d04cb78a12f5784544b1f,,"55,77","55,77",,,ONCHAIN,ONCHAIN
MINDDS Collab #3,Edition,50,8/21/21,MINDDS,,Dario De Siena,https://opensea.io/assets/0x93284e029dd089b24b2801e75bca39931e078573/3,0x93284e029dd089b24b2801e75bCa39931E078573,ERC-1155,1,,QmcdcL9ijibPGpff9Q1YsgaAuDuSEcviJ7tF35DKyTqbJW,QmcYWn33fo4TuCmdeG9cSWDcDPiPpiMXsHijrPk926Bo7K,Y,IPFS
Clouds of the Metaverse,Unique,1,8/25/21,KnownOrigin,,"MLO, Kristy Glas, Danil Pan, Cano",https://knownorigin.io/gallery/823000-clouds-of-the-metaverse,0xabb3738f04dc2ec20f4ae4462c3d069d02ae045b,,823000,,QmVaCHiE7BFzNSaLRMPVbhDCRDCUVnvzU5zdn4fgsSp4Um,QmUiMTsHCoKkpLfmtvNsNtgoronu7jb6FW7EG4myyzB6pf,Y,IPFS
Catwalk,Unique,1,9/28/21,SuperRare,,,https://superrare.com/artwork-v2/catwalk-28912,0xb932a70A57673d89f4acfFBE830E8ed7f75Fb9e0,ERC-721,28912,28912,QmPjtbzzH8Htgk5hFcB8WC7RWD45QuutnEZcohi3JyBigj,QmeocKnmbTW721se4yrQ8cpFdiyo7uPsxfAEpRHt9S6tYi,Y,IPFS
Synapse,Edition,10,10/14/21,NiftyGateway,,,https://niftygateway.com/marketplace/collection/0xe3389c4a4b676dccd19bc8c051fadcb1d07df4db/2?filters[onSale]=true&sortBy=lowest,0xe3389c4a4b676dccd19bc8c051fadcb1d07df4db,ERC-721,16200020001,16200020010,,NG API,,Platform
Drained,Edition,10,10/14/21,NiftyGateway,,,https://niftygateway.com/marketplace/collection/0xe3389c4a4b676dccd19bc8c051fadcb1d07df4db/1?filters[onSale]=true&sortBy=lowest,0xe3389C4a4B676dcCD19bC8C051FaDcb1D07df4db,ERC-721,16200010001,16200010010,,NG API,,Platform
Bulb,Edition,10,10/14/21,NiftyGateway,,,https://niftygateway.com/marketplace/collection/0x1cef8c52f2350b2748e1b22f6444b8a7fcc3f656/2?filters[onSale]=true&sortBy=lowest,0x1CeF8c52f2350B2748E1B22F6444b8a7FCc3F656,ERC-721,16100020001,16100020010,,NG API,,Platform
Drip,Edition,10,10/14/21,NiftyGateway,,,https://niftygateway.com/marketplace/collection/0x1cef8c52f2350b2748e1b22f6444b8a7fcc3f656/5?filters[onSale]=true&sortBy=lowest,0x1CeF8c52f2350B2748E1B22F6444b8a7FCc3F656,ERC-721,16100050001,16100050010,,NG API,,Platform
Optic,Edition,10,10/14/21,NiftyGateway,,,https://niftygateway.com/marketplace/collection/0x1cef8c52f2350b2748e1b22f6444b8a7fcc3f656/3?filters[onSale]=true&sortBy=lowest,0x1CeF8c52f2350B2748E1B22F6444b8a7FCc3F656,ERC-721,16100030001,16100030010,,NG API,,Platform
Buds,Edition,10,10/14/21,NiftyGateway,,,https://niftygateway.com/marketplace/collection/0x1cef8c52f2350b2748e1b22f6444b8a7fcc3f656/1?filters[onSale]=true&sortBy=lowest,0x1CeF8c52f2350B2748E1B22F6444b8a7FCc3F656,ERC-721,16100010001,16100010010,,NG API,,Platform
Buzzed,Edition,10,10/14/21,NiftyGateway,,,https://niftygateway.com/marketplace/collection/0x1cef8c52f2350b2748e1b22f6444b8a7fcc3f656/4?filters[onSale]=true&sortBy=lowest,0x1CeF8c52f2350B2748E1B22F6444b8a7FCc3F656,ERC-721,16100040001,16100040010,,NG API,,Platform
Drinkman,Edition,50,10/14/21,Cryptovoxels Wearable,,Free Airdrop,https://opensea.io/assets/matic/0x5A494287D8AD3eaA628578BA9E6688C32f34952f/2,0x5A494287D8AD3eaA628578BA9E6688C32f34952f,ERC-1155,2,,Hosted by Platform,,,Platform
Gremlins,Edition,72,10/19/21,Custom,,Commission,https://opensea.io/collection/gremlins-x-brinkman-airdrop,0x48B01BF21c2b264df0Ee8Fb9b3B5D5A77885A0e7,ERC-721,1,75,QmRP8j91PLckQcEp58boR4cDdPoEfVvqJRMJKdmpkALFLY,QmSVbXTpa9yexPCdNfsqCT579Ae2NgzExTwgaCkxAFJ5UM,Y,IPFS
Wilt,Unique,1,10/20/21,SuperRare,,Roses,https://superrare.com/artwork-v2/wilt-(129-150)-28643,0xb932a70A57673d89f4acfFBE830E8ed7f75Fb9e0,ERC-721,28643,28643,QmQoxXV78PPmMFzjRRzLhDALweR51RtH2X3Ktt6Na69MVW,QmPSsg7iePkbua9T2G2NSQo8jkyxx2DVarpVW8WC6iuKn7,Y,IPFS
Collab,Edition,5,10/27/21,KnownOrigin,,Panter Xhita,https://opensea.io/assets/ethereum/0xABB3738f04Dc2Ec20f4AE4462c3d069d02AE045B/3659000,,,,,QmVm8Z2YP62ueUjpcvkyFFSD1w9x4ZyA7mUAze1ZCFE45D,QmSAsm4yc6fGJz6QmU3BA3jaV7uY4aeSpEFuCbpbuqrgYn,Y,IPFS
Expl0de.io,Unique,1,11/8/21,SuperRare,,,https://superrare.com/artwork-v2/%E2%89%A1xpl0de.io-30188,0xb932a70A57673d89f4acfFBE830E8ed7f75Fb9e0,ERC-721,30188,30188,QmSRP1WZTa5TzRV8P7seYgDDHBDi293WeFHtoQbTDvt7VA,QmdqEY8vP5iNk8kay13UxuqnSJgKYJv9F9pNxGeqawZ5Db,Y,IPFS
Dis/connected,Unique,1,11/28/21,SuperRare,,,https://superrare.com/artwork-v2/dis-connected-30723,0xb932a70A57673d89f4acfFBE830E8ed7f75Fb9e0,ERC-721,30723,30723,QmSnhr9E2rZZBEg9jGqcvHJyR5VFFA2EqkA9KH5Vc4ocsi,QmWZLuss3aZ6EkdNgCBKLhhvcpVjGHqTn67wnjCWDE4HLd,Y,IPFS
Numismatist,Edition,3,11/28/21,$WHALE Store,,,https://opensea.io/assets/0xf6c71e1e72254051f2e26270c16a84fbd1dbfafd/93,0xF6C71e1e72254051F2e26270C16A84Fbd1dBFAfD,ERC-721,92,94,QmaVyN9DcBHhqXwzGvSvSrNgW1pTRVSwwC7hELz63EL1E4,,Y,IPFS
Deconstruct,Unique,1,12/10/21,Manifold,,Donation,https://opensea.io/assets/0x9494fa95d7987718da9ecef224f8520f5fa20fe3/1,0x9494Fa95d7987718da9ecef224f8520F5fA20Fe3,ERC-721,1,1,Arweave,,,Arweave
Run.rar,Unique,1,12/20/21,Nifty Royale,,,https://opensea.io/collection/nifty-royale-x-brian-brinkman-run-exe,,,,,QmUj9gv845pKmAhRAPHftUBhxSe7u1ZAde6cAh9Tsom6q8,Qme6uygEgzzGvDJDBSBsVvAkjvWUqYaodc1zV5QiwyKVft,Y,IPFS
Run.exe,Edition,29,12/20/21,Nifty Royale,,,https://opensea.io/collection/nifty-royale-x-brian-brinkman-run-exe,,,,,QmbWzAjp74SmUWQeiLK83EVGuPjTVtatiAwkAcWzpZCLVG,QmQKiWMDj2qsAck6jwZwBMNZVeoFAnrxdsHmUcKZFH5qNb,Y,IPFS
SPRTBSL 2021,Edition,129,12/28/21,Polygon,,Free Airdrop/Commission,https://opensea.io/assets/matic/0x8cfa34a6cca887e0514013157d812f36e16199c6/0,0x8CfA34a6cCa887e0514013157d812f36E16199C6,ERC-1155,0,,,QmbWXN2T9r8tWT4gazD1cRX96X2z9xpe7bXFPLPWQEVBpg,,IPFS
Mow & Grow,Edition,50,1/12/22,NiftyGateway,,Gemini,https://niftygateway.com/marketplace/collection/0xcf7ab456af8fa6c1baa9a520b9d65b7b91699a94/1?filters[onSale]=true&sortBy=lowest,0xcf7AB456af8Fa6C1baa9a520B9d65B7B91699A94,ERC-721,36700010001,36700010050,,NG API,,Platform
Scroll,Unique,1,2/2/22,SuperRare,,,https://superrare.com/artwork-v2/scroll-32197,0xb932a70A57673d89f4acfFBE830E8ed7f75Fb9e0,ERC-721,32197,32197,QmX96oTzkfpnxSyJAZx3GBFwWD4xUwrJxcss6qY2h564rG,QmZjaMGUNsYdw4EnC1qV6xhk11bH2Mqfc4bfMgHyBqAsY7,Y,IPFS
Self,Edition,4,3/11/22,NiftyGateway,,,https://niftygateway.com/marketplace/collection/0x8a6c78d589dfaf346025a8da60fe9fff23b89bbc/1,0x8A6C78d589dFaf346025a8DA60fE9FFf23B89BbC,ERC-721,1,1,,NG API,,Platform
Ear,Edition,15,3/11/22,NiftyGateway,,,https://niftygateway.com/marketplace/collection/0x30d3643ec4ca573715a754aebb14ad1f94ec56c1/2?filters[onSale]=true&sortBy=lowest,0x30d3643Ec4ca573715A754AeBb14ad1F94ec56C1,ERC-721,125000200001,125000200015,,NG API,,Platform
Heart,Edition,15,3/11/22,NiftyGateway,,,https://niftygateway.com/marketplace/collection/0x30d3643ec4ca573715a754aebb14ad1f94ec56c1/1?filters[onSale]=true&sortBy=lowest,0x30d3643Ec4ca573715A754AeBb14ad1F94ec56C1,ERC-721,125000100001,125000100015,,NG API,,Platform
Eye,Edition,15,3/11/22,NiftyGateway,,,https://niftygateway.com/marketplace/collection/0x30d3643ec4ca573715a754aebb14ad1f94ec56c1/5?filters[onSale]=true&sortBy=lowest,0x30d3643Ec4ca573715A754AeBb14ad1F94ec56C1,ERC-721,125000500001,125000500015,,NG API,,Platform
Hand,Edition,15,3/11/22,NiftyGateway,,,https://niftygateway.com/marketplace/collection/0x30d3643ec4ca573715a754aebb14ad1f94ec56c1/3?filters[onSale]=true&sortBy=lowest,0x30d3643Ec4ca573715A754AeBb14ad1F94ec56C1,ERC-721,125000300001,125000300015,,NG API,,Platform
Head,Edition,15,3/11/22,NiftyGateway,,,https://niftygateway.com/marketplace/collection/0x30d3643ec4ca573715a754aebb14ad1f94ec56c1/4?filters[onSale]=true&sortBy=lowest,0x30d3643Ec4ca573715A754AeBb14ad1F94ec56C1,ERC-721,125000400001,125000400015,,NG API,,Platform
The legend will live on,Unique,1,3/29/22,Manifold,,43 Artists for Alotta Money,https://makersplace.com/horus/the-legend-will-live-on-1-of-1-343865/,,,,,Arweave,,,Arweave
Alotta,Unique,1,4/5/22,Manifold,,Alotta Charity,https://opensea.io/assets/ethereum/0x9494fa95d7987718da9ecef224f8520f5fa20fe3/3,0x9494Fa95d7987718da9ecef224f8520F5fA20Fe3,ERC-721,3,3,Arweave,,,Arweave
Jeff Davis,Unique,1,4/12/22,Manifold,,Commission,https://opensea.io/assets/0x9494fa95d7987718da9ecef224f8520f5fa20fe3/4,0x9494Fa95d7987718da9ecef224f8520F5fA20Fe3,ERC-721,4,4,Arweave,,,Arweave
Strung,Unique,1,5/5/22,Artifex,,,https://artifex.art/waves/concept/strung/strung,0x2D820AfB710681580A55cA8077B57FBa6dD9Fd72,,6200010001,6200010001,,,,IPFS
Strung Sculpture,Edition,100,5/5/22,Artifex,,DurkAtWork,https://opensea.io/assets/artifex?search[stringTraits][0][name]=Artist&search[stringTraits][0][values][0]=Bryan%20Brinkman&search[sortAscending]=true&search[sortBy]=PRICE,,,,,,QmWXhhsJRNnp8oPkpdZcnwAREeWg5Bq6mvvcf9GJZCgfZJ,,IPFS
Venice,Edition,15,5/13/22,NiftyGateway,,VeniceFamilyClinic Charity Auction,https://niftygateway.com/marketplace/collection/0x0e1c5f0237f7737251e1aec9ada22086345f5691/2?filters[onSale]=true&sortBy=lowest,0x0e1C5F0237f7737251E1aEC9ada22086345F5691,ERC-721,11,25,,NG API,,Platform
Changing My Laces,Edition,20,5/25/22,Manifold,,Matt Szczur,https://opensea.io/collection/superszcz4-v2,0xa53A21d13b7Caab9A8C3de290332749112002c5A,ERC-721,3,22,Arweave,,,Arweave
Tangled,Unique,1,6/1/22,SuperRare,,,https://superrare.com/artwork-v2/tangled-35080,0xb932a70A57673d89f4acfFBE830E8ed7f75Fb9e0,ERC-721,35080,35080,QmYiJgkr9Tgrxd1SD2R5HTgUrTutzkPuoPCjJRrT6SR2uN,QmZ33TjywrnVZuWrKLY6jNF5xzPzLX78uURabrxD8xvZbj,Y,IPFS
Bear,Edition,79,6/15/22,NiftyGateway,,,https://niftygateway.com/marketplace/collection/0x7c760e0f46de200471a6724442b76524bc01f3b8/1?filters[onSale]=true&sortBy=lowest,0x7C760E0f46DE200471a6724442b76524BC01F3b8,ERC-721,1,79,,NG API,,Platform
Bryan Brinkman x NFTSEA 2022,Unique,1,6/17/22,BlockParty,,NFTSEA,https://opensea.io/assets/ethereum/0xc84b7bded2ee4595e8aff98bec2d650c97305be1/14,0xc84b7bded2Ee4595E8aFF98bEc2d650c97305bE1,ERC-721,14,14,Arweave,,,Arweave
Pindar Van Arman,Unique,1,7/24/22,Manifold,,Trade,https://opensea.io/assets/ethereum/0x9494fa95d7987718da9ecef224f8520f5fa20fe3/5,0x9494Fa95d7987718da9ecef224f8520F5fA20Fe3,ERC-721,5,5,Arweave,,,Arweave
Traffic Jams,Series,16,7/29/22,Transient Labs,,Collab with Rich Caldwell,https://opensea.io/collection/trafficjams,0x864971035a694F25b9fB54AaB8d5b31CE2C5D68d,ERC-721,1,16,Arweave,,,Arweave
Grumpls,Generative,160,7/30/22,Illuminati,,Goblintown Collab,https://opensea.io/collection/grumpls?search[stringTraits][0][name]=Generative%20Artist&search[stringTraits][0][values][0]=Bryan%20Brinkman&search[sortAscending]=true&search[sortBy]=UNIT_PRICE,0x279c53dF917579bB454B61555982Dac1750187d9,ERC-721,,,,,,IPFS
8liens #2677,Unique,1,8/10/22,8liens,,Collab 1/1,https://opensea.io/assets/ethereum/0x740c178e10662bbb050bde257bfa318defe3cabc/2677,0x740c178e10662bBb050BDE257bFA318dEfE3cabC,ERC-721,2677,2677,Hosted by Platform,,,Platform
Swing (Day),Edition,30,9/15/22,NiftyGateway,,,https://www.niftygateway.com/marketplace/collection/0xa78ddc20e889c89910833d497bcbf1834cf32d08/1?filters[onSale]=true&sortBy=lowest,0xa78ddC20e889C89910833d497bcbf1834CF32d08,ERC-721,1,30,,NG API,,Platform
Swing (Night),Edition,30,9/15/22,NiftyGateway,,,https://www.niftygateway.com/marketplace/collection/0xa78ddc20e889c89910833d497bcbf1834cf32d08/2?filters[onSale]=true&sortBy=lowest,0xa78ddC20e889C89910833d497bcbf1834CF32d08,ERC-721,31,60,,NG API,,Platform
Floor Sweep,Edition,15,9/15/22,NiftyGateway,,,https://www.niftygateway.com/marketplace/collection/0xa78ddc20e889c89910833d497bcbf1834cf32d08/3?filters[onSale]=true&sortBy=lowest,0xa78ddC20e889C89910833d497bcbf1834CF32d08,ERC-721,61,75,,NG API,,Platform
Swing (Dynamic),Edition,6,9/15/22,NiftyGateway,,,https://www.niftygateway.com/marketplace/collection/0x53d18d1e981b92795393d5c415ff2756aaafa856/1?filters[onSale]=true&sortBy=lowest,0x53D18d1e981B92795393D5c415FF2756AAAFA856,ERC-721,1,6,,NG API,,Platform
FlyWheel,Edition,15,9/15/22,NiftyGateway,,,https://www.niftygateway.com/marketplace/collection/0xa78ddc20e889c89910833d497bcbf1834cf32d08/4?filters[onSale]=true&sortBy=lowest,0xa78ddC20e889C89910833d497bcbf1834CF32d08,ERC-721,76,90,,NG API,,Platform
FLICKERPEPE,Edition,100,10/13/22,Counterparty,,FakeRarePepes,https://pepe.wtf/asset/FLICKERPEPE,,,,,Bitcoin,,,Bitcoin
Decal,Generative,100,10/21/22,Deca,,Free Drop to Deca Users,https://opensea.io/collection/decal-by-bryan-brinkman,0xDB71bfF021cd2Bb1ba5e19c4C0A28E2ff9FFc705,ERC-721,0,99,Hosted by Platform,,,Platform
Light Clouds,Unique,1,11/6/22,Ensemble,,,https://opensea.io/assets/ethereum/0x57ac8098b4194d57e6432fba1cff3d5214e2aec3/1,0x57Ac8098b4194d57E6432fBa1CfF3d5214E2AEc3,ERC-721,1,1,Arweave,,,Arweave
NimBox,Unique,1,11/6/22,Ensemble,,,https://opensea.io/assets/ethereum/0x57ac8098b4194d57e6432fba1cff3d5214e2aec3/2,0x57Ac8098b4194d57E6432fBa1CfF3d5214E2AEc3,ERC-721,2,2,Arweave,,,Arweave
CTRL Panel,Unique,1,11/6/22,Ensemble,,,https://opensea.io/assets/ethereum/0x57ac8098b4194d57e6432fba1cff3d5214e2aec3/3,0x57Ac8098b4194d57E6432fBa1CfF3d5214E2AEc3,ERC-721,3,3,Arweave,,,Arweave
Ice Cream Deconstructed,Unique,1,11/6/22,Ensemble,,,https://opensea.io/assets/ethereum/0x57ac8098b4194d57e6432fba1cff3d5214e2aec3/4,0x57Ac8098b4194d57E6432fBa1CfF3d5214E2AEc3,ERC-721,4,4,Arweave,,,Arweave
Floral,Unique,1,11/6/22,Ensemble,,,https://opensea.io/assets/ethereum/0x57ac8098b4194d57e6432fba1cff3d5214e2aec3/5,0x57Ac8098b4194d57E6432fBa1CfF3d5214E2AEc3,ERC-721,5,5,Arweave,,,Arweave
Free Transform,Unique,1,11/17/22,Moonpay/Manifold,,Charity Drop for Jumpstart Designers,https://opensea.io/assets/ethereum/0x9494fa95d7987718da9ecef224f8520f5fa20fe3/6,0xd9964a04e7CbA56ce823d68795F916ec29922CBa,ERC-721,2,2,Arweave,,,Arweave
Time to Be Happy | Bryan Brinkman,Unique,1,12/1/22,Scope/Niftygateway,,NFT/Physical Pair,https://www.niftygateway.com/itemdetail/primary/0xa86337b3fc1025f7cfbac3199e306bdb4d0c8b2c/6,,,,,QmSzyjzkFWLXj29V7Pz8KJNHHyTaDdtHdz8QVF9bof3Dyn,NG API,,Platform
Palm,Unique,1,12/1/22,Metamask,,Metamask Potluck Swap,https://opensea.io/assets/ethereum/0x5aac326792211069e7ec46632e4b89e2bb104760/6,0x5aaC326792211069E7EC46632e4B89E2BB104760,ERC-721,6,6,Arweave,,,Arweave
Crocodile of Wall Street,Unique,1,12/5/22,Coinbase/Coindesk,,,https://opensea.io/assets/ethereum/0xac46c1059b80237198e29d71339853649255e4a0/9,,,,,QmVsAaa7a8d2NUw1TqRZkRv1Jwg9jyCXihUT3BzEht7Tjo,QmSn61VG7YPBSkF1oEWvrwSLrYHhBKr5nBCWGeV3gv4P7K,Y,IPFS
Awaken Your Inner Child,Edition,20,12/6/22,ChangeDAO,,Upbring Charity Drop,https://opensea.io/collection/awaken-your-inner-child?search[stringTraits][0][name]=Twitter%20Handle&search[stringTraits][0][values][0]=%40bryanbrinkman&search[sortAscending]=true&search[sortBy]=UNIT_PRICE,0x3bD07e536893dB78392141714F2a810c9C997e1D,ERC-721,1,20,bafybeigm2slv7dkrs5iaozo2nqi5q7sennva3qpslifhwnm7nzwakzdemq,bafybeicufrljva27f2zrvy6ixvmprjunulceqrtwwrqtutqs7yqvq2kroy,Y,IPFS
NimTeens,Generative,400,1/13/23,ArtBlocks,,,https://opensea.io/collection/nimteens-by-bryan-brinkman,0x99a9B7c1116f9ceEB1652de04d5969CcE509B069,ERC-721,408000000,408000399,,,ONCHAIN,ONCHAIN
BrinkMignon or the Happiness Squared,Unique,1,1/16/23,KnownOrigin,,Lapin mignon,https://opensea.io/assets/ethereum/0xABB3738f04Dc2Ec20f4AE4462c3d069d02AE045B/28712000,,ERC-721,,,QmexdpJVaJ8pfez2dwgs9JyZzfp67XWVjcLoBYdEmEcUA1,,,IPFS
Cloud Poppers,Generative,100,2/16/23,Levels.art,,,https://opensea.io/collection/cloud-poppers-by-bryan-brinkman,0x53402bF3280E34ECD12dd25ed2f0a611E4Faf313,ERC-721,0,99,,,ONCHAIN,ONCHAIN
The Universe Within,Edition,100,2/26/23,Aku Dreams,,AKU,https://opensea.io/assets/ethereum/0x2992362e9672bd3b75fc9cd46b167f3da53eba40/4,0x2992362e9672Bd3B75fc9CD46B167F3Da53eba40,ERC-1155,4,,Arweave,,,Arweave
SuperPuma,Unique,1,2/28/23,Super Puma,,Super Puma,https://opensea.io/assets/ethereum/0x283c0bba69ebd4643cfce761b34b0206e75b2091/8616,0x283c0BbA69EbD4643cfCe761B34b0206E75b2091,ERC-721,8616,8616,Hosted by Platform,Moonpay/Hypermint,,Platform
Blossom,Generative,300,2/29/23,NiftyGateway,,Morrow/UAE Bundle,https://sansa.xyz/collections/blossom-by-bryan-brinkman,0x6ed986f5e13f62d68e72593f2f07c3531bab35c6,,,,.,NG API,,Platform
Float On,Edition,150,3/14/23,Noble Card,,,https://opensea.io/assets/ethereum/0x7e9b9ba1a3b4873279857056279cef6a4fcdf340/42,0x7e9b9bA1A3B4873279857056279Cef6A4FCDf340,ERC-1155,42,,Arweave,,,Arweave
Automatonomy,Edition,1,3/15/23,Sothebys,,Brinkman Reserve Mint,https://www.sothebys.com/en/buy/auction/2023/natively-digital-oddly-satisfying/automatonomy,0x9494Fa95d7987718da9ecef224f8520F5fA20Fe3,ERC-721,7,7,Arweave,,,Arweave
Muga X Brinkman,Edition,99,6/6/23,NiftyGateway,,,https://www.niftygateway.com/marketplace/collection/0x9fed0b32e805184ce10afa7a7dd4efc3d0d22873/1?page=1,0x9Fed0b32E805184Ce10afa7A7dD4EFC3D0d22873,ERC-721,1,99,.,NG API,,Platform
Notified,Edition,50,6/8/23,Dew Drops,,,https://opensea.io/collection/notified-by-bryan-brinkman-on-dew-drops,0x8029cc0727b84C4a5906B44B3f069C3eFd5dEe12,ERC-721,1,50,bafybeidwnkuwiaf44if7vtju5dmsvcnxqtdmdxpmfeqccomrequt4f64h4,bafybeiauqrgp6yfxzksmayf7nvriqq4mglyeozpjmzi4n2o5de2kvjkuam,Y,
Ripples,Edition,1,6/19/23,Drip Drop StormDrain,,Krugman / Transient,https://opensea.io/assets/ethereum/0xe0fc5edb5a264eed0c861a5b1652c11b8f2aa6ac/1,0xe0Fc5edB5A264Eed0C861a5b1652C11B8F2Aa6aC,ERC-721,1,1,Arweave,,,Arweave
Dead Man Walking,Edition,10,7/12/23,Unit London,,,https://opensea.io/collection/stored-memories,0x276Dc6BB7118353496b04BB4a16bcA1763B6FbdA,ERC-1155,1,,bafybeigagrcnf326fz27kkt5swinntzpceyaiz6bnp2chrscynpf542gbm,bafyreibxpryitdhi56l5nqqpcbizyhvupw3jmpioruutqhufirathvobka,Y,IPFS
De-Fragmented,Edition,25,7/12/23,Unit London,,,https://opensea.io/collection/stored-memories,0x276Dc6BB7118353496b04BB4a16bcA1763B6FbdA,ERC-1155,2,,bafybeifyvrqpxr3z3scfb6b4cuxzkk6lrawmait3gomcgm66lfg4rlvmgu,bafyreidug4a4fn3guzquno7umjho7rigsrwcsaetfrahqmdblifoxhqxgq,Y,IPFS
Memory Loss,Edition,50,7/12/23,Unit London,,,https://opensea.io/collection/stored-memories,0x276Dc6BB7118353496b04BB4a16bcA1763B6FbdA,ERC-1155,3,,bafybeiae5jljr4ckjvnfjgxen4b7dlgjlu4o7wgqyp5v3r2hyncddpzqli,bafyreicushi2urzd7cjegnawjh4chfu2jgvbmdh34vwxkjchl2vjriny5y,Y,IPFS
Cloud Poppers Arcade Cabinet,Edition,20,7/18/23,Async,,,https://opensea.io/assets/ethereum/0xd27e3e7a0ad30be4d3aa8c5e8939a28e733dc576/1,0xd27e3e7a0ad30be4d3aa8c5e8939a28e733dc576,ERC-1155,,,QmSXscYNNmD2NqUjD7hWTmxTneYAW2QqHPRZcMYnEWYDcm,QmTc4kwVy3dsdF4c9Pghm4m5E5JwFKEiZmMPynvZwAoaeN,,IPFS
Alotta Love,Unique,1,9/2/23,Makersplace,,Trevor Jones Charity,https://opensea.io/assets/ethereum/0x1aa059a184841cffb9507fd9d4751bde9e99dc4e/0,,ERC-721,,,QmWffQiBFFkJycjgkDs3mzCQiwwzbyqcemVjCsUDRVEBwD,QmazCWTmSp5MXiqdgQpf1ceg6ZkLYV5qemiBtUgB8FiKJY,Y,IPFS
Cycle,Unique,1,10/3/23,AOTM,,,https://opensea.io/assets/ethereum/0x9494fa95d7987718da9ecef224f8520f5fa20fe3/8,,ERC-721,,,Arweave,,,Arweave
Transactional,Edition,342,11/2/23,6259 Memes,,,https://opensea.io/assets/ethereum/0x33fd426905f149f8376e227d0c9d3340aad17af1/175,,ERC-1155,,,Arweave,,,Arweave
Self-Assemblage,Unique,1,11/6/23,Christie's,,,https://opensea.io/assets/ethereum/0x9494fa95d7987718da9ecef224f8520f5fa20fe3/9,,ERC-721,,,Arweave,,,Arweave
Gm&Gns,Edition,100,1/4/24,6259 Memes Labs,,,https://opensea.io/assets/ethereum/0x4db52a61dc491e15a2f78f5ac001c14ffe3568cb/47,,ERC-1155,,,Arweave,,,Arweave
Fig 1: Identitfication,Edition,25,3/1/24,Manifold,,Morrow / Art Dubai,https://opensea.io/assets/ethereum/0x2c8868ace2fd20644c3dd1414141fd85bba41e47/1,,ERC-1155,,,Arweave,,,Arweave
Fig 2: Art,Edition,25,3/1/24,Manifold,,Morrow / Art Dubai,https://opensea.io/assets/ethereum/0x2c8868ace2fd20644c3dd1414141fd85bba41e47/2,,ERC-1155,,,Arweave,,,Arweave
Fig 3: Collectible,Edition,25,3/1/24,Manifold,,Morrow / Art Dubai,https://opensea.io/assets/ethereum/0x2c8868ace2fd20644c3dd1414141fd85bba41e47/3,,ERC-1155,,,Arweave,,,Arweave
Fig 4: Generative,Edition,25,3/1/24,Manifold,,Morrow / Art Dubai,https://opensea.io/assets/ethereum/0x2c8868ace2fd20644c3dd1414141fd85bba41e47/4,,ERC-1155,,,Arweave,,,Arweave
CopyCat,Edition,50,3/12/24,Foundation,,SuperChief,https://opensea.io/collection/copycatbybrinkman,0x2d0514d64621d3850b6397200b02f14aeabc6d19,ERC-721,,,Arweave,,,Arweave
Right Click Savior,Edition,100,4/25/24,ClickCreate,,,https://opensea.io/assets/ethereum/0x300e7a5fb0ab08af367d5fb3915930791bb08c2b/60,0x300e7a5fb0ab08af367d5fb3915930791bb08c2b,ERC-1155,60,60,Arweave,,,Arweave
Battery Life,Edition,100,5/2/24,Transient Labs,,Digital Dreams KC,https://opensea.io/assets/base/0x658e4dad7e206f662692bf913db33cf7a213565e/1,,ERC-1155,,,Arweave,,,Arweave
PreCycle,Unique,1,5/9/24,Ensemble,,,https://opensea.io/collection/bryan-brinkman-sketches,,ERC-721,,,Arweave,,,Arweave
PreTonomy,Unique,1,5/9/24,Ensemble,,,https://opensea.io/collection/bryan-brinkman-sketches,,ERC-721,,,Arweave,,,Arweave
PreStrung,Unique,1,5/9/24,Ensemble,,,https://opensea.io/collection/bryan-brinkman-sketches,,ERC-721,,,Arweave,,,Arweave
Beginnings,Edition,50,7/1/24,Manifold,,452b,https://opensea.io/assets/ethereum/0xd3846a7d6c4110ab6ae26939225ff11b9c42e0cb/10,,ERC-1155,,,Arweave,,,Arweave
Ephemeral Embers,Edition,100,7/24/24,Iconic,,Rockwell,https://opensea.io/collection/ephemeralembers,,ERC-721,,,,,,
Climb,Unique,1,10/11/24,Christie's,,,https://opensea.io/item/ethereum/0x9494fa95d7987718da9ecef224f8520f5fa20fe3/10,,ERC-721,,,,,,
Bloom,Edition,100,11/10/24,LG Lab Art,,LG x NFT Now,https://opensea.io/collection/bloombrinkman,,ERC-1155,,,Hosted by Platform,,,
Pepe Toilets NYC,Series,3,1/6/25,VVD/Pepe,"#10, #11, #12",,https://opensea.io/collection/pepe-toilets-nyc-1,,ERC-721,,,,,,
FL1CK3R,Series,30,1/16/25,Osura,,OCM,https://magiceden.us/ordinals/marketplace/fl1ck3r,,ORDINALS,,,,,ONCHAIN,ONCHAIN
Barrel Of Monkeys,Edition,5,3/18/25,Apechain,,,https://opensea.io/collection/barrel-of-monkeys-by-bryan-brinkman,,ERC-721,,,,,,
Cadence,Unique,1,3/25/25,SuperRare,,Eddie Wharton,https://opensea.io/item/ethereum/0x8917811ac742ad95fc884d362babad2633bef811/1,,ERC-721,,,,,,
Cadence Mementos,Series,30,4/4/25,Transient Labs,,Eddie Wharton,https://opensea.io/collection/cadence-mementos,,ERC-721,,,,,,